web_scraper_order,web_scraper_start_url,pagination,title,name,data,data2,data3,data4,data5,data6,image,item_page_title,item_page_link,name_1,name_4,priceCurrency,Class_Start_Date,Tuition_Fee,weekly_effort,name_6,program_5_application_deadline,University,name_2,application_fee,application_deadline,Application_Deadline_1,program_description,offering_school,contact_email,contact_email_1,title_1,Programme_Highlights,programme_highlights,name_8,data_2,data_4,name_5,Intake,data_1,Programme_Features,testimonial_1,testimonial,data_3,Program_1_Event_-_Class_Start,Application_Deadline,name_3,program_1_class_start,related_courses,image_3,image_2,image_1
"1772779834-1","https://www.coursera.org/degrees","","MSc Management","University of Huddersfield","Advance your career with a Management Master’s from an internationally accredited business school. Learn to lead and build strategic skills online.","","","","","U","https://d3njjcbhbojbot.cloudfront.net/api/utilities/v1/imageproxy/https://images.ctfassets.net/wp1lcwdav1p1/5bvCtypTxR2uVK6aH7HS0k/0e98a5efb8aaed315766914559c8c4e0/200x400_logo__1_.jpg?auto=format%2Ccompress&dpr=1","MSc Management","https://www.coursera.org/degrees/msc-management-huddersfield","MSc Management","","24 months","","AACSB accreditedLess than 6% of business schools worldwide earn this accreditation","7 modules total and a research project, 12-18 hours per week","MSc ManagementUniversity of Huddersfield","Summer 2026 cohort deadline: May 18Start your application or request more information.","MSc ManagementUniversity of Huddersfield","University of Huddersfield","Join us during our weekly office hours to receive live assistance with one of our enrolment representatives. Sign up here.","April 9:","Application deadline: May 18, 2026","Prepare for leadership in any industry, with a Management MSc from the University of Huddersfield’s Business School - the Times Higher Education Awards Business School of the Year 2023.","What makes this degree unique?","For more information visit here.","Sign up here.","*Students may only submit one Professional Certificate for credit. Successful application and enrollment are required. Eligibility requirements apply. Each institution determines the number of credits recognized by completing this content that may count towards degree requirements, considering any existing credits you may have. Click on a specific course for more information.","Balance work, study and personal life with flexible tuition£9,900 total tuition costs
With flexible payment options, you can pursue a high-quality education at the pace you choosePay-as-you-go tuition
Manage the cost of this programme by paying tuition fees in four equal instalments spread across the programme durationScholarships and financial support
Explore a variety of financial support options, including a Postgraduate Loan for UK-based studentsLearn about tuition & financing","£9,900 total tuition costs
With flexible payment options, you can pursue a high-quality education at the pace you choosePay-as-you-go tuition
Manage the cost of this programme by paying tuition fees in four equal instalments spread across the programme durationScholarships and financial support
Explore a variety of financial support options, including a Postgraduate Loan for UK-based students","£9,900 total tuition costs","Business development managerProject managerMarketing managerRecruitment consultantHuman resource managerAccount manager","Fundamental management skills for decision making, marketing, operations and finance","Google","","","Google Digital Marketing & E-commerce Certificate can secure your credits towards the Digital Marketing Strategy module Google Project Management Certificate can secure your credits towards the Project Management module","“I’ve worked through the details of construction, machinery, concrete, everything. But I wanted to go deeper into management — how to lead, how to plan, how to communicate effectively with teams. That’s what brought me back to school.Rebin ZahidMSc Management student","I’ve worked through the details of construction, machinery, concrete, everything. But I wanted to go deeper into management — how to lead, how to plan, how to communicate effectively with teams. That’s what brought me back to school.Rebin ZahidMSc Management student","","","","*Students may only submit one Professional Certificate for credit. Successful application and enrollment are required. Eligibility requirements apply. Each institution determines the number of credits recognized by completing this content that may count towards degree requirements, considering any existing credits you may have. Click on a specific course for more information.","","","https://d3njjcbhbojbot.cloudfront.net/api/utilities/v1/imageproxy/https://images.ctfassets.net/wp1lcwdav1p1/4Gf9pkqjCWsX07ZanouEFw/83a299cf8cfc8c5af0cbd7d60f8c3b06/DistanceLearning-Aug2023_29__1_.jpg?auto=format%2Ccompress&dpr=2&blur=200&px=8&max-w=2778
https://d3njjcbhbojbot.cloudfront.net/api/utilities/v1/imageproxy/https://images.ctfassets.net/wp1lcwdav1p1/2F6FrQCAbvwBMJJ0CI7EkC/36d519db8ef48cd7517c1c3cd796dcbe/DistanceLearning_39.jpg?auto=format%2Ccompress&dpr=2&blur=200&px=8&max-w=6720","https://d3njjcbhbojbot.cloudfront.net/api/utilities/v1/imageproxy/https://images.ctfassets.net/wp1lcwdav1p1/1IU3MjKcnuBr1bWljswOIV/ed57ac74086c125d601361bdd6fdcc18/University_Square_Student_Central.jpg?auto=format%2Ccompress&dpr=1&w=400&h=300&q=7&blur=50","https://d3njjcbhbojbot.cloudfront.net/api/utilities/v1/imageproxy/https://images.ctfassets.net/wp1lcwdav1p1/4mQAtOtQayO2tyevSR518F/348aeb324ca2c0cfd3ce54abedf70e71/327261282_699931991853642_8447198862263847249_n.jpg?auto=format%2Ccompress&dpr=3&w=48&h=48"
"1772779838-2","https://www.coursera.org/degrees","","Master of Science in Management (iMSM)","University of Illinois Urbana-Champaign","Launch your management career with essential leadership skills and career-ready credentials. Earn your master's degree in just 12 months.","Application due April 2, 2026","Application due April 2, 2026","Application due April 2, 2026","Application due April 2, 2026","U","https://d3njjcbhbojbot.cloudfront.net/api/utilities/v1/imageproxy/https://images.ctfassets.net/wp1lcwdav1p1/1Rp5a6TiZD2LO4n6MHsMtS/78e1f67bd7784a40ddae53db3389a054/IllinoisGies.jpg?auto=format%2Ccompress&dpr=1","Master of Science in Management (iMSM)","https://www.coursera.org/degrees/ms-management-illinois","Master of Science in Management (iMSM)","Master of Science in Management (iMSM)","12-24 months","March 10:","Accredited degreeOffered by the University of Illinois Urbana-Champaign","9 courses total, 10-15 hours per week","Master of Science in Management (iMSM)University of Illinois Urbana-Champaign","Fall A cohort priority deadline: April 2Start your application or request more information.","Master of Science in Management (iMSM)University of Illinois Urbana-Champaign","University of Illinois Urbana-Champaign","Questions? Please contact Gies College of Business at giesonline@illinois.edu or attend an upcoming event.","March 9:","Priority deadline: April 2, 2026","As an iMSM student, you will take a series of fundamental management classes covering subjects such as leadership and teams, marketing management, strategic management, and process management, as well as foundational classes in accounting and finance. You will then have the opportunity to customize your degree by taking elective courses focused on business value and project management, global business challenges, or business data management and communication.","What sets this program apart?","","attend an upcoming event","These are some of the courses and specializations that are part of the degree program. If you are admitted and enroll, your completed coursework may count toward your degree learning and your progress can transfer with you.","Affordable Master's Degree In One Year$13,068 USD tuition total
Earn a degree from a top-tier university with the option to later stack into the iMBA.Pay-as-you-go
You pay tuition only for courses you're enrolled in. If a scheduling conflict arises, you are free to take a term off and won’t be charged during that term.Financial aid & scholarships
Gies College of Business and Coursera have partnered to offer a limited number of competitive scholarships covering 70% of tuition for select students. If you’re a U.S. resident, you may also qualify for student aid.Learn about tuition & financing","$13,068 USD tuition total
Earn a degree from a top-tier university with the option to later stack into the iMBA.Pay-as-you-go
You pay tuition only for courses you're enrolled in. If a scheduling conflict arises, you are free to take a term off and won’t be charged during that term.Financial aid & scholarships
Gies College of Business and Coursera have partnered to offer a limited number of competitive scholarships covering 70% of tuition for select students. If you’re a U.S. resident, you may also qualify for student aid.Learn about tuition & financing","$13,068 USD tuition total","Business Management and AdministrationGeneral BusinessAccountingFinanceMarketing and Marketing Research","The iMSM is designed to be versatile where you can pick electives that will pave the path towards your career goals.","University of Illinois Urbana-Champaign","","","Leading Teams: Developing as a LeaderManaging OrganizationsStrategic Leadership & Management","“Find what you want and make a decision about how you want it to affect your life and career. The University of Illinois is a big deal. It’s not a small university, and if you can have that collaboration with Coursera, don’t miss it. Read more about Korede's experience!Korede OludiranMaster of Science in Management (iMSM) GraduateUniversity of Illinois’ Gies College of Business","Find what you want and make a decision about how you want it to affect your life and career. The University of Illinois is a big deal. It’s not a small university, and if you can have that collaboration with Coursera, don’t miss it. Read more about Korede's experience!Korede OludiranMaster of Science in Management (iMSM) GraduateUniversity of Illinois’ Gies College of Business","","","","*Successful application and enrollment are required. Eligibility requirements apply. Each institution determines the number of credits recognized by completing this content that may count towards degree requirements, considering any existing credits you may have. Click on a specific course for more information.","","","https://d3njjcbhbojbot.cloudfront.net/api/utilities/v1/imageproxy/https://images.ctfassets.net/wp1lcwdav1p1/7wn7gqsIaAtEQPgYOt4OsU/e39a2e39266b9ebc43ac7183a42031f9/CIhero.jpg?auto=format%2Ccompress&dpr=2&blur=200&px=8&max-w=1197
https://d3njjcbhbojbot.cloudfront.net/api/utilities/v1/imageproxy/https://images.ctfassets.net/wp1lcwdav1p1/2zzE602fs4S3259tJdDKQ0/7175d73a733a6729b924d846641857b7/GettyImages-968890648.jpg?auto=format%2Ccompress&dpr=2&blur=200&px=8&max-w=7137","https://d3njjcbhbojbot.cloudfront.net/api/utilities/v1/imageproxy/https://images.ctfassets.net/wp1lcwdav1p1/6cmiWcU0XycCnPnz75ITAH/86cfb0454f99ba8cd758c63ba5dc2690/iMSM_MSMangement_GiesBuilding.jpg?auto=format%2Ccompress&dpr=1&w=400&h=300&q=7&blur=50","https://d3njjcbhbojbot.cloudfront.net/api/utilities/v1/imageproxy/https://images.ctfassets.net/wp1lcwdav1p1/6n1jmkJnKPDH5QU8aqYFiA/c2017d6963fb5ef2d78edb420745614c/GIES_UIUC_RO__1_.png?auto=format%2Ccompress&dpr=3&h=50&q=10"
"1772779859-3","https://www.coursera.org/degrees","","MSc Computer Science","Heriot-Watt University","Specialize in programming, data, and AI with a curriculum that integrates certifications from IBM, Google, and Meta. No bachelor's degree needed.","Application due March 30, 2026","Application due March 30, 2026","Application due March 30, 2026","Application due March 30, 2026","H","https://d3njjcbhbojbot.cloudfront.net/api/utilities/v1/imageproxy/https://images.ctfassets.net/wp1lcwdav1p1/2bGueiOunZEAOJaaDlgqnO/c7064bf399c4ae7c003fb28a93e18d78/HWU_2023_Logo_Mono.png?auto=format%2Ccompress&dpr=1","MSc Computer Science","https://www.coursera.org/degrees/msc-computer-science-heriot-watt","MSc Computer Science","","20-96 months","","Leading UK university Ranked 25th in the UK (University League Tables 2026)","8 courses total and a final project, 16-18 hours per week","MSc Computer Science Heriot-Watt University","May 2026 cohort deadline: March 30Start your application or request more information.","MSc Computer Science Heriot-Watt University","Heriot-Watt University","","March 25:","Application deadline: March 30, 2026","Acquire the most in-demand programming, data and AI skills and secure your professional status as a computer scientist, with this prestigious master’s from Heriot-Watt University - a world-leader in computer science research and robotics.","What's in this degree program?","","","Get started with one of these eligible courses and build your progress toward a future degree.","Keep your career goals affordable with flexible pay-as-you-go tuition£8,995 total tuition
Fee includes final online assessments, all study materials and an additional professional certificate from a leading tech company.Pay-as-you-go tuition
You only need to pay for one course at a time, helping spread the cost of the programme.Industry certificates at no extra cost
As an added benefit, you’ll get access to over 500 courses designed by some of the world’s leading employers – including Google, IBM, Meta, Salesforce and Microsoft.View info about tuition & financing","£8,995 total tuition
Fee includes final online assessments, all study materials and an additional professional certificate from a leading tech company.Pay-as-you-go tuition
You only need to pay for one course at a time, helping spread the cost of the programme.Industry certificates at no extra cost
As an added benefit, you’ll get access to over 500 courses designed by some of the world’s leading employers – including Google, IBM, Meta, Salesforce and Microsoft.","£8,995 total tuition","Data analystData scientistData engineerCloud architectDevOps engineerWeb developerMobile developer / engineerComputer scientistComputer and IS researcher","Data mining and machine learning techniques and AI models","Multiple educators","","","Google Cybersecurity Professional CertificateMeta iOS Developer Professional CertificateIBM Data Science Professional Certificate","Filled Play“We have taken that pioneering spirit to develop this fully online, flexible, and industry-aligned MSc, where you will learn from renowned faculty who are specialists in their field. Dr Abrar UllahProgramme Director and Associate Professor of Computer ScienceHeriot-Watt University","We have taken that pioneering spirit to develop this fully online, flexible, and industry-aligned MSc, where you will learn from renowned faculty who are specialists in their field. Dr Abrar UllahProgramme Director and Associate Professor of Computer ScienceHeriot-Watt University","Computer and IS researcher","","","*Successful application and enrollment are required. Eligibility requirements apply. Each institution determines the number of credits recognized by completing this content that may count towards degree requirements, considering any existing credits you may have. Click on a specific course for more information.","","","https://d3njjcbhbojbot.cloudfront.net/api/utilities/v1/imageproxy/https://images.ctfassets.net/wp1lcwdav1p1/62PtiSQQVXJHBaHF92ikt/7dfa7121b593114468c4c241eea3e673/HWU-5410__1_.jpg?auto=format%2Ccompress&dpr=3&w=800&h=532&q=40
https://d3njjcbhbojbot.cloudfront.net/api/utilities/v1/imageproxy/https://images.ctfassets.net/wp1lcwdav1p1/1wUdSz47cbBNTDdpJjqnCK/ef74e5e32381274442aac05257167daf/mba-online-800x600.jpg?auto=format%2Ccompress&dpr=3&w=801&h=501&q=40","https://d3njjcbhbojbot.cloudfront.net/api/utilities/v1/imageproxy/https://images.ctfassets.net/wp1lcwdav1p1/3hjcLZKs6WDLRtIanu0iDj/c807e7f73c9ca896139d8236cff732fb/HWU-35571__1_.jpg?auto=format%2Ccompress&dpr=1&w=400&h=300&q=7&blur=50","https://d3njjcbhbojbot.cloudfront.net/api/utilities/v1/imageproxy/https://images.ctfassets.net/wp1lcwdav1p1/4FQVWnVQtTWulCvL3UCDBg/55665a9e95d39f5ef744651835effb8a/Heriot_Watt_University-02__2___2_.jpg?auto=format%2Ccompress&dpr=3&w=48&h=48"
"1772779863-4","https://www.coursera.org/degrees","","Master of Science in Computer Science","University of Colorado Boulder","Master core CS skills in algorithms, data structures, and ML. Explore electives in AI, robotics, and big data. No application or bachelor's needed.","Application due April 17, 2026","Application due April 17, 2026","Application due April 17, 2026","Application due April 17, 2026","U","https://d3njjcbhbojbot.cloudfront.net/api/utilities/v1/imageproxy/https://images.ctfassets.net/wp1lcwdav1p1/QYnQLOD2XH1JdEAJt7zFY/982c1e09539e87e4cf637c57eb4142dd/CU-Boulder.jpg?auto=format%2Ccompress&dpr=1","Master of Science in Computer Science","https://www.coursera.org/degrees/ms-computer-science-boulder","Master of Science in Computer Science","","Finish in 24 months","","Accredited degreeOffered by the University of Colorado Boulder","30 courses total (30 credit hours) full or part-time, 5-8 hours per week per course","Master of Science in Computer ScienceUniversity of Colorado Boulder","Spring 2026 session 2 deadline: April 17Start your enrollment now or request more information.","Master of Science in Computer ScienceUniversity of Colorado Boulder","University of Colorado Boulder","Questions? Contact the CU Boulder MS-CS team at cuboulder-mscs@coursera.org.","","Enrollment deadline: April 17, 2026","Choose the Master of Science in Computer Science (MS-CS) for a comprehensive and flexible foundation in tech. This program is designed for learners who want to build the core technical depth that underpins all computing careers, keeping the broadest range of doors open across the industry.","What sets this program apart?","Courses may not be counted twice toward two credentials of the same level. This means students can apply credit from a particular course toward one graduate certificate and one graduate degree, but they cannot apply credit from a particular course toward two graduate certificates or two graduate degrees. CU certificates on Coursera are automatically awarded once all requirements are met.","cuboulder-mscs@coursera.org","These are some of the courses that are part of the degree program. If you are admitted and enroll, your completed coursework may count toward your degree learning and your progress can transfer with you.","Match your learning to your budget with flexible pay-as-you-go tuition$15,750 USD tuition total
With a significantly lower cost than comparable programs, you can pursue a high-quality education at a more affordable price.Pay-as-you-go tuition
You only pay for the courses in your next session. If a scheduling conflict arises, you’re free to take a session off without charges or penalties.Transparent pricing
Avoid surprises with transparent tuition. Your price covers everything from course access and exam proctoring to dedicated support and career resources.View info about tuition & financing","$15,750 USD tuition total
With a significantly lower cost than comparable programs, you can pursue a high-quality education at a more affordable price.Pay-as-you-go tuition
You only pay for the courses in your next session. If a scheduling conflict arises, you’re free to take a session off without charges or penalties.Transparent pricing
Avoid surprises with transparent tuition. Your price covers everything from course access and exam proctoring to dedicated support and career resources.","$15,750 USD tuition total","Software engineerSystems engineerWeb developerNetwork engineer","Modern computing infrastructure, including cloud, distributed, and secure systems.","University of Colorado Boulder","","","Machine Learning: Theory and Hands-on Practice with Python SpecializationFoundations of Autonomous Systems SpecializationThe Data Driven Manager Specialization","“One of the things that I really love is the quizzes and the assignments. I feel like I learn more when I make a mistake than when I just get it right the first time. I’ve even been tempted to go through some of those and answer with all of the wrong answers because the feedback that the professor provides is extremely useful.Marc SeterStudent, Master's in Computer ScienceUniversity of Colorado Boulder","One of the things that I really love is the quizzes and the assignments. I feel like I learn more when I make a mistake than when I just get it right the first time. I’ve even been tempted to go through some of those and answer with all of the wrong answers because the feedback that the professor provides is extremely useful.Marc SeterStudent, Master's in Computer ScienceUniversity of Colorado Boulder","","","","*Successful application and enrollment are required. Eligibility requirements apply. Each institution determines the number of credits recognized by completing this content that may count towards degree requirements, considering any existing credits you may have. Click on a specific course for more information.","","","https://d3njjcbhbojbot.cloudfront.net/api/utilities/v1/imageproxy/https://images.ctfassets.net/wp1lcwdav1p1/1bArEVlY3DEnMizlV9J9AN/1777e3e6a3aed2d796c1f3d3f310c2c1/Screenshot_2023-06-22_at_4.27.41_PM.png?auto=format%2Ccompress&dpr=2&blur=200&px=8&max-w=1598
https://d3njjcbhbojbot.cloudfront.net/api/utilities/v1/imageproxy/https://images.ctfassets.net/wp1lcwdav1p1/6PffLLH1awiyi6akbMVaux/67f3791b05a2b9b62d8b72d557491f59/CUEngineering_Lab.jpg?auto=format%2Ccompress&dpr=2&blur=200&px=8&max-w=605","https://d3njjcbhbojbot.cloudfront.net/api/utilities/v1/imageproxy/https://images.ctfassets.net/wp1lcwdav1p1/1X771IxZ2TuOUa13p6dbmA/4ece73165e665107dc37c8532e418351/CU-Boulder-campus-hero.jpg?auto=format%2Ccompress&dpr=1&w=400&h=300&q=7&blur=50","https://d3njjcbhbojbot.cloudfront.net/api/utilities/v1/imageproxy/https://images.ctfassets.net/wp1lcwdav1p1/nskuwKMzPu9zP5PNoJHhU/2d6bfacd10746c7fd2a2d461b507568e/col-900x900.jpg?auto=format%2Ccompress&dpr=3&w=48&h=48"
"1772779867-5","https://www.coursera.org/degrees","","Master of Science in Artificial Intelligence","University of Colorado Boulder","Go beyond theory with a purpose-built Master's covering model building, hardware deployment, and ethics. No application or bachelor's degree needed.","Application due April 17, 2026","Application due April 17, 2026","Application due April 17, 2026","Application due April 17, 2026","U","https://d3njjcbhbojbot.cloudfront.net/api/utilities/v1/imageproxy/https://images.ctfassets.net/wp1lcwdav1p1/QYnQLOD2XH1JdEAJt7zFY/982c1e09539e87e4cf637c57eb4142dd/CU-Boulder.jpg?auto=format%2Ccompress&dpr=1","Master of Science in Artificial Intelligence","https://www.coursera.org/degrees/ms-artificial-intelligence-boulder","Master of Science in Artificial Intelligence","","Finish in 12-24 months","","Accredited degreeOffered by the University of Colorado Boulder","30 courses total (30 credit hours) full or part-time, 5–8 hours/week per credit hour","Master of Science in Artificial IntelligenceUniversity of Colorado Boulder","Spring 2026 session 2 deadline: April 17Start your enrollment now or request more information.","Master of Science in Artificial IntelligenceUniversity of Colorado Boulder","University of Colorado Boulder","","Questions?","Enrollment deadline: April 17, 2026","Immerse yourself in the theory, tools, and application of artificial intelligence with the only English-language AI degree available on Coursera. The Master of Science in Artificial Intelligence (MS-AI) is designed for learners who want to specialize deeply in AI and machine learning, positioning themselves at the forefront of technological innovation.","What sets this program apart?","After that, if you’re ready to take on a full-time graduate-level course load,  we recommend three courses - or fewer - per session.","Master of Science in Artificial Intelligence","These are some of the courses that are part of the degree program. If you are admitted and enroll, your completed coursework may count toward your degree learning and your progress can transfer with you.","Match your learning to your budget with flexible pay-as-you-go tuition$15,750 USD tuition total
With a significantly lower cost than comparable programs, you can pursue a high-quality education at a more affordable price.Pay-as-you-go tuition
You'll only pay for the courses in your next session. If a scheduling conflict arises, you’re free to take a session off without charges or penalties.Transparent pricing
Avoid surprises with transparent tuition. Your price covers everything from course access and exam proctoring to dedicated support and career resources.View info about tuition & financing","$15,750 USD tuition total
With a significantly lower cost than comparable programs, you can pursue a high-quality education at a more affordable price.Pay-as-you-go tuition
You'll only pay for the courses in your next session. If a scheduling conflict arises, you’re free to take a session off without charges or penalties.Transparent pricing
Avoid surprises with transparent tuition. Your price covers everything from course access and exam proctoring to dedicated support and career resources.","$15,750 USD tuition total","AI EngineerMachine Learning EngineerRobotics EngineerComputer Vision EngineerNatural Language Processing (NLP) EngineerAI EthicistAI TrainerAI Product ManagerAI Consultant","The mathematical and computational foundations of AI, including probability theory, statistics and linear algebra.","University of Colorado Boulder","","","Data Mining Foundations and Practice SpecializationIntroduction to Robotics with Webots Specialization","“What’s happening right now is a true revolution. AI is becoming the base layer of our society, affecting life, work, and education, and we need to be prepared for that. We can’t escape it. We need to become a part of it.Daniel AcunaProfessor University of Colorado Boulder","What’s happening right now is a true revolution. AI is becoming the base layer of our society, affecting life, work, and education, and we need to be prepared for that. We can’t escape it. We need to become a part of it.Daniel AcunaProfessor University of Colorado Boulder","AI Consultant","","","*Successful application and enrollment are required. Eligibility requirements apply. Each institution determines the number of credits recognized by completing this content that may count towards degree requirements, considering any existing credits you may have. Click on a specific course for more information.","","","https://d3njjcbhbojbot.cloudfront.net/api/utilities/v1/imageproxy/https://images.ctfassets.net/wp1lcwdav1p1/5hGgxasNoqo4oyTt15ziX8/644bcb66c9b7960f554ff6e56a6f7162/GettyImages-672157207.jpg?auto=format%2Ccompress&dpr=2&blur=200&px=8&max-w=5122
https://d3njjcbhbojbot.cloudfront.net/api/utilities/v1/imageproxy/https://images.ctfassets.net/wp1lcwdav1p1/2AN9U39z5dKRWUrFZEL10T/f87861f2a684ba119d17ef1b9342aa03/GettyImages-2012747478.jpg?auto=format%2Ccompress&dpr=2&blur=200&px=8&max-w=7952","https://d3njjcbhbojbot.cloudfront.net/api/utilities/v1/imageproxy/https://images.ctfassets.net/wp1lcwdav1p1/5y8x5poDFIB5OGNWgtLSJM/11ee3816b8972f5cd8cdf170088bc248/flatirons__1_.jpeg?auto=format%2Ccompress&dpr=1&w=400&h=300&q=7&blur=50","https://d3njjcbhbojbot.cloudfront.net/api/utilities/v1/imageproxy/https://images.ctfassets.net/wp1lcwdav1p1/nskuwKMzPu9zP5PNoJHhU/2d6bfacd10746c7fd2a2d461b507568e/col-900x900.jpg?auto=format%2Ccompress&dpr=3&w=48&h=48"
"1772779871-6","https://www.coursera.org/degrees","","Master of Computer Science in Data Science","University of Illinois Urbana-Champaign","Build specialized knowledge of in-demand computer or data science skills. Explore topics such as AI and ML from a top-5 computer science school.","Application due June 15, 2026","Application due June 15, 2026","Application due June 15, 2026","Application due June 15, 2026","U","https://d3njjcbhbojbot.cloudfront.net/api/utilities/v1/imageproxy/https://images.ctfassets.net/wp1lcwdav1p1/3p9ZNoXblmUIo6mCA64e8K/606acde0eea006e97b10079ccbdad90f/logo-color.png?auto=format%2Ccompress&dpr=1","Master of Computer Science in Data Science","https://www.coursera.org/degrees/masters-in-computer-data-science","Master of Computer Science","","12-36 months","","Accredited degreeOffered by the University of Illinois Urbana-Champaign","8 courses total, 10-12 hours per week","Master of Computer ScienceUniversity of Illinois","Fall 2026 cohort deadline: June 15Start your application or Request more information.","Master of Computer ScienceUniversity of Illinois","University of Illinois","- Apply by April 6 to receive an early decision by the first week of May","April 23:","Application deadline: May 30, 2026","Position yourself at the forefront of innovation and advance your career with a Master of Computer Science from the University of Illinois Urbana-Champaign. Recognized by Forbes as a ""New Ivy"" and consistently ranked as a top-5 computer science school by U.S. News & World Report (2025), the University of Illinois offers a credential with unmatched prestige and global recognition.","What sets this program apart?","An advisor is available online every Friday (other than campus holidays), 10:00 AM - 11:00 AM U.S. Central Time, to answer your questions. Several options are available to join these sessions:","top ten list","Master of Computer Science with optional Data Science track (MCS-DS):
The MCS-DS degree gives its graduates full programmable control of the instrumentation of big data as well as the full-stack understanding of how to process the data to discover new insights and optimize organizational decision-making. Students in this track earn the same MCS degree, but their curriculum concentrates on data science courses.","Pay-as-you-go tuition and flexibility to study on your schedule$19,840 - $25,376 USD tuition cost
With flexible payment options, you can pursue a high-quality education at the pace you choose.Pay-as-you-go
Pay for your degree as you go. Each time you take a course, pay tuition for that course only. If a scheduling conflict arises, you are free to take a term off and you won’t be charged during that term.Financial aid & scholarships
The MCS program is accredited by the Higher Learning Commission, and enrolled students are eligible for financial assistance. See the Office of Student Financial Aid for more information.Learn about tuition & financing","$19,840 - $25,376 USD tuition cost
With flexible payment options, you can pursue a high-quality education at the pace you choose.Pay-as-you-go
Pay for your degree as you go. Each time you take a course, pay tuition for that course only. If a scheduling conflict arises, you are free to take a term off and you won’t be charged during that term.Financial aid & scholarships
The MCS program is accredited by the Higher Learning Commission, and enrolled students are eligible for financial assistance. See the Office of Student Financial Aid for more information.","$19,840 - $25,376 USD tuition cost","Computer ScientistData ScientistComputer ProgrammerSoftware EngineerComputer Systems AnalystData EngineerBusiness Analyst","Build intelligent systems using machine learning, natural language processing, and computer vision.","University of Illinois Urbana-Champaign","","Questions? Please email the Illinois MCS team at online-mcs@siebelschool.illinois.edu.","","Filled Play“I've enjoyed learning how studying computer science has evolved since I got my Bachelor's - understanding data science and AI kind of helped pull the veil off and demystify some of those concepts for me. Jennifer H.Student, MCS","I've enjoyed learning how studying computer science has evolved since I got my Bachelor's - understanding data science and AI kind of helped pull the veil off and demystify some of those concepts for me. Jennifer H.Student, MCS","","","","Forbes","","","https://d3njjcbhbojbot.cloudfront.net/api/utilities/v1/imageproxy/https://images.ctfassets.net/wp1lcwdav1p1/4QZGjmmEDtFPG80XAO1Ci4/275f4c5707af557541160bc887cedcb8/10_21_2020_22_08_09_Graduates_Celebrating_PritenVora.jpeg?auto=format%2Ccompress&dpr=2&blur=200&px=8&max-w=4267
https://d3njjcbhbojbot.cloudfront.net/api/utilities/v1/imageproxy/https://images.ctfassets.net/wp1lcwdav1p1/8sDtQGIyeq3ZjqjMyJvMQ/0cd93ccdfcc9699fb1b59e3d271c0c9b/Screenshot_2023-01-25_at_11.22.47_AM.png?auto=format%2Ccompress&dpr=2&blur=200&px=8&max-w=561","https://d3njjcbhbojbot.cloudfront.net/api/utilities/v1/imageproxy/https://images.ctfassets.net/wp1lcwdav1p1/3KdKswaCqGVxcSUmhvxd8o/b599c89b58c3791dc78ea23390732374/UI-220613-MH-009-siebel-center-computer-science_2_compressed.jpg?auto=format%2Ccompress&dpr=1&w=400&h=300&q=7&blur=50","https://d3njjcbhbojbot.cloudfront.net/api/utilities/v1/imageproxy/https://images.ctfassets.net/wp1lcwdav1p1/uVLmBnRYcssRBTNnXhmcL/3da0ef49d70618e485e7f4eb4cd29758/block-I-blue-background.jpg?auto=format%2Ccompress&dpr=3&w=48&h=48"
"1772779875-7","https://www.coursera.org/degrees","","Master of Business Administration (iMBA)","University of Illinois Urbana-Champaign","Boost your career and design a journey that fits your goals with focus areas in analytics, marketing, innovation and more.","Application due April 2, 2026","Application due April 2, 2026","Application due April 2, 2026","Application due April 2, 2026","U","https://d3njjcbhbojbot.cloudfront.net/api/utilities/v1/imageproxy/https://images.ctfassets.net/wp1lcwdav1p1/1Rp5a6TiZD2LO4n6MHsMtS/78e1f67bd7784a40ddae53db3389a054/IllinoisGies.jpg?auto=format%2Ccompress&dpr=1","Master of Business Administration (iMBA)","https://www.coursera.org/degrees/imba","Master of Business Administration (iMBA)","","24-36 months","March 10:","Accredited degreeOffered by the University of Illinois Urbana-Champaign","18 courses total (dependent on specializations), 10-15 hours per week","Master of Business Administration (iMBA)University of Illinois Gies College of Business","Fall A cohort priority deadline: April 2Start your application or request more information.","Master of Business Administration (iMBA)University of Illinois Gies College of Business","University of Illinois Gies College of Business","Questions? Please contact Gies College of Business at giesonline@illinois.edu or attend an upcoming event.","March 9:","Priority deadline: April 2, 2026","With education from an Illinois MBA, you will be prepared for a variety of managerial and executive positions. Our graduates have gone on to work for Fortune 500 companies including Microsoft, Walmart, and MGM resorts. Whether your passion lies in the travel industry, engineering, or healthcare, the iMBA will set you up for success in roles across all industries and sectors.","What sets this program apart?","","attend an upcoming event","These are some of the courses and specializations that are part of the degree program. If you are admitted and enroll, your completed coursework may count toward your degree learning and your progress can transfer with you.","A Competitively Priced World-Class MBA$27,288 USD tuition total
Tuition for other MBA programs can easily exceed $200,000. With the iMBA, you'll save substantially on your total cost while pursuing an MBA from a leading program.Pay-as-you-go
You pay tuition only for courses you're enrolled in. If a scheduling conflict arises, you are free to take a term off and won’t be charged during that term.Financial aid & scholarships
Gies College of Business and Coursera have partnered to offer a limited number of competitive scholarships covering 70% of tuition for select students. To be considered, applicants must submit their complete application by the Priority 1 deadline for their intended Spring or Fall term. If you’re a U.S. resident, you may also qualify for student aid.Learn about tuition & financing","$27,288 USD tuition total
Tuition for other MBA programs can easily exceed $200,000. With the iMBA, you'll save substantially on your total cost while pursuing an MBA from a leading program.Pay-as-you-go
You pay tuition only for courses you're enrolled in. If a scheduling conflict arises, you are free to take a term off and won’t be charged during that term.Financial aid & scholarships
Gies College of Business and Coursera have partnered to offer a limited number of competitive scholarships covering 70% of tuition for select students. To be considered, applicants must submit their complete application by the Priority 1 deadline for their intended Spring or Fall term. If you’re a U.S. resident, you may also qualify for student aid.","$27,288 USD tuition total","Chief ExecutiveGeneral ManagerFinancial ManagerManagement Analyst","Courses are grouped into specializations, structured so that you learn skills in combinations that mirror how you’ll actually use them on the job.","University of Illinois Urbana-Champaign","","","Digital MarketingFinancial ManagementStrategic Leadership and Management","“This program has been foundational in helping me reimagine what's possible. With this degree, I have gained the confidence, knowledge, and tools to co-found my business and lead from the front.Ishpinder KaileyiMBA graduate","This program has been foundational in helping me reimagine what's possible. With this degree, I have gained the confidence, knowledge, and tools to co-found my business and lead from the front.Ishpinder KaileyiMBA graduate","","","","*Successful application and enrollment are required. Eligibility requirements apply. Each institution determines the number of credits recognized by completing this content that may count towards degree requirements, considering any existing credits you may have. Click on a specific course for more information.","","","https://d3njjcbhbojbot.cloudfront.net/api/utilities/v1/imageproxy/https://images.ctfassets.net/wp1lcwdav1p1/iALIcA1tz2Mq22XLrFLfg/392fcd83d88227f280ed395cae23c396/_P9I6574.jpg?auto=format%2Ccompress&dpr=2&blur=200&px=8&max-w=1572
https://d3njjcbhbojbot.cloudfront.net/api/utilities/v1/imageproxy/https://images.ctfassets.net/wp1lcwdav1p1/ZTq5iyzNXUvnodYbvkZgs/c1a805c010c68274f31923a7a28347da/GettyImages-968890648.jpg?auto=format%2Ccompress&dpr=2&blur=200&px=8&max-w=7137","https://d3njjcbhbojbot.cloudfront.net/api/utilities/v1/imageproxy/https://images.ctfassets.net/wp1lcwdav1p1/phdtZ838jtqiZ0OUP1Owr/69db523ca40841bc8b7ff3428608da99/imba_2.jpeg?auto=format%2Ccompress&dpr=1&w=400&h=300&q=7&blur=50","https://d3njjcbhbojbot.cloudfront.net/api/utilities/v1/imageproxy/https://images.ctfassets.net/wp1lcwdav1p1/uVLmBnRYcssRBTNnXhmcL/3da0ef49d70618e485e7f4eb4cd29758/block-I-blue-background.jpg?auto=format%2Ccompress&dpr=3&w=48&h=48"
"1772779878-8","https://www.coursera.org/degrees","","BSc Data Science","University of Huddersfield","Launch your data science career with a world-class curriculum from the UK’s top-ranked young university. Learn to analyze, model, and visualize data.","Application due September 14, 2026","Application due September 14, 2026","Application due September 14, 2026","Application due September 14, 2026","U","https://d3njjcbhbojbot.cloudfront.net/api/utilities/v1/imageproxy/https://images.ctfassets.net/wp1lcwdav1p1/5bvCtypTxR2uVK6aH7HS0k/0e98a5efb8aaed315766914559c8c4e0/200x400_logo__1_.jpg?auto=format%2Ccompress&dpr=1","BSc Data Science","https://www.coursera.org/degrees/bsc-data-science-huddersfield","BSc Data Science","","36-72 months","Differential Equations & Advanced Applications","UK’s top ranked young universityTimes Higher Education Young University Rankings 2024","16 modules total and a research project, 20-30 hours per week","BSc Data ScienceUniversity of Huddersfield","Fall 2026 cohort deadline: September 14Start you application or request more information.","BSc Data ScienceUniversity of Huddersfield","University of Huddersfield","Explore the available short courses. These courses are related to the degree, so you can experience online learning with the University of Huddersfield before applying.","Questions?","Application deadline: September 14, 2026","Get the data skills, the mathematical understanding and the analytical mindset needed for a successful computing career, with a Data Science BSc (Hons) from the UK’s top ranked young university (Times Higher Education Young University Rankings 2024).","What’s in this degree programme?","","Sign up here.","To qualify for Performance-based admission, you’ll need:","Fit your studies around your work and lifestyle, with flexible full and part-time tuition£17,500 total tuition costs
Learn at your own speed, with three-year full-time or six-year part-time study.Pay-as-you-go tuition
You can pay for either a full year or half a year at a time (PBA modules are non refundable whether you pass or fail).The full undergraduate experience - 100% online
Fees include all study materials, tutorials and assessments, access to a wealth of student support services, and even your graduation ceremony (not including travel).Learn about tuition & financing","£17,500 total tuition costs
Learn at your own speed, with three-year full-time or six-year part-time study.Pay-as-you-go tuition
You can pay for either a full year or half a year at a time (PBA modules are non refundable whether you pass or fail).The full undergraduate experience - 100% online
Fees include all study materials, tutorials and assessments, access to a wealth of student support services, and even your graduation ceremony (not including travel).","£17,500 total tuition costs","Data analystJunior data scientistBusiness intelligence analystMarketing analystResearch analystProduct analyst","Junior data scientist","University of Huddersfield","","Join us during our weekly office hours to receive live assistance with one of our enrolment representatives. Sign up here.","GCSE (or equivalent) English Language or Literature at grade 4 or above and Mathematics at grade 5 or above (or grade C and B respectively if awarded under the previous GCSE grading scheme)Or have three years’ work experience in a professional role with significant data/numerical requirements","“Meet our academic teamHi, my name is Stavros Richard G. Christopoulos. I’m Senior Lecturer in Mathematics and Data Science and a member of the Centre for Autonomous and Intelligent Systems at the University of Huddersfield. I completed my PhD in Physics of Complex Systems at the National and Kapodistrian University of Athens. My research interests include the fields of Complexity, Statistics, Statistical Physics, Data Analytics  and Materials Modelling.Dr Stavros Richard G. ChristopoulosCourse Lead and Senior Lecturer - Mathematics & Data ScienceUniversity of Huddersfield","Meet our academic teamHi, my name is Stavros Richard G. Christopoulos. I’m Senior Lecturer in Mathematics and Data Science and a member of the Centre for Autonomous and Intelligent Systems at the University of Huddersfield. I completed my PhD in Physics of Complex Systems at the National and Kapodistrian University of Athens. My research interests include the fields of Complexity, Statistics, Statistical Physics, Data Analytics  and Materials Modelling.Dr Stavros Richard G. ChristopoulosCourse Lead and Senior Lecturer - Mathematics & Data ScienceUniversity of Huddersfield","","","","*Eligibility requirements apply. Each institution determines the successful course completion required to qualify for performance-based admission. Review the admissions process for this degree program for more information. Click on a specific course for details.","","","https://d3njjcbhbojbot.cloudfront.net/api/utilities/v1/imageproxy/https://images.ctfassets.net/wp1lcwdav1p1/3A1avCwNLftRcHcgWHLwBM/5147eb38265cb789419e763b756eb2a8/DistanceLearning-Aug2023_34.jpg?auto=format%2Ccompress&dpr=2&blur=200&px=8&max-w=8011
https://d3njjcbhbojbot.cloudfront.net/api/utilities/v1/imageproxy/https://images.ctfassets.net/wp1lcwdav1p1/5y79Kt58yuinEtI3zpduE7/dfa7d42f02785f73a563e6e29cfb4bb2/Charles_Sikes_Building.jpg?auto=format%2Ccompress&dpr=2&blur=200&px=8&max-w=6144","https://d3njjcbhbojbot.cloudfront.net/api/utilities/v1/imageproxy/https://images.ctfassets.net/wp1lcwdav1p1/bBITm62RYs0qgYzjaIbA0/5e09057a9f8fb1d4fea559472fe4ba61/University_Square_Student_Central-1.jpg?auto=format%2Ccompress&dpr=1&w=400&h=300&q=7&blur=50","https://d3njjcbhbojbot.cloudfront.net/api/utilities/v1/imageproxy/https://images.ctfassets.net/wp1lcwdav1p1/4mQAtOtQayO2tyevSR518F/348aeb324ca2c0cfd3ce54abedf70e71/327261282_699931991853642_8447198862263847249_n.jpg?auto=format%2Ccompress&dpr=3&w=48&h=48"
"1772779881-9","https://www.coursera.org/degrees","","Bachelor of Science in Computer Science","University of London","Build the foundation for a career in tech with core math, data, and programming skills and specialise in cutting-edge topics such as ML and AI or UX.","Application due March 16, 2026","Application due March 16, 2026","Application due March 16, 2026","Application due March 16, 2026","U","https://d3njjcbhbojbot.cloudfront.net/api/utilities/v1/imageproxy/https://images.ctfassets.net/wp1lcwdav1p1/2yj3zCXqTytZevxwT4h4xK/114973b81842684c450c6dfc67338276/London_Goldsmiths_logo_1000x200.png?auto=format%2Ccompress&dpr=1","Bachelor of Science in Computer Science","https://www.coursera.org/degrees/bachelor-of-science-computer-science-london","BSc Computer Science","","36-72 months","","Accredited Bachelor's degreeOffered by the University of London","23 courses total, 14-28 hours per week","BSc Computer ScienceUniversity of London","Spring 2026 cohort deadline: March 16Start your application or request more information.","BSc Computer ScienceUniversity of London","University of London","","March 11:","Application deadline: March 16, 2026","Whether you’re just beginning your technology journey, or returning to education to change or advance your career, the University of London’s online Computer Science degree will give you all the tools you need to thrive in this ever-changing field.","What’s in this degree program?","To be admitted onto the full BSc programme, applicants must:","","Get started with one of these eligible courses:","Flexible, pay by module tuition lets you take on the right balance for your lifestyle£13,276 to £19,767 tuition total
With flexible payment options, you can pursue a high-quality education at the pace you choose.Pay per module
Tuition is paid by module on a pay-as-you-go basis equally across six terms. If you need to pause your coursework for a term, you won’t be charged for that term.Funding your studies
You may find potential sources of funding and scholarships here.Learn about tuition & financing","£13,276 to £19,767 tuition total
With flexible payment options, you can pursue a high-quality education at the pace you choose.Pay per module
Tuition is paid by module on a pay-as-you-go basis equally across six terms. If you need to pause your coursework for a term, you won’t be charged for that term.Funding your studies
You may find potential sources of funding and scholarships here.","£13,276 to £19,767 tuition total","Computer ScientistComputer ProgrammerSoftware EngineerComputer Systems AnalystWeb developerMobile app developerCreative coderMusic/audio engineerInterface designerDatabase manager","Develop an understanding of organisations and how they function.","Google","","","Google IT SupportIBM AI Developer","Filled Play“The degree has not only opened my eyes to the possibilities of Computer Science, but I have also been fortunate enough to meet and make friends with like-minded individuals who are equally passionate about tech.Kyle JussabStudent, BSc Computer Science","The degree has not only opened my eyes to the possibilities of Computer Science, but I have also been fortunate enough to meet and make friends with like-minded individuals who are equally passionate about tech.Kyle JussabStudent, BSc Computer Science","Interface designer","","","*Successful application and enrollment are required. Eligibility requirements apply. Each institution determines the number of credits recognized by completing this content that may count towards degree requirements, considering any existing credits you may have. Click on a specific course for more information.","","","https://d3njjcbhbojbot.cloudfront.net/api/utilities/v1/imageproxy/https://images.ctfassets.net/wp1lcwdav1p1/14maDlt0Gf9QGrtfwdjUSM/a671b5ceb9c950f5ee6e3710509feba1/iStock-1134444079.jpg?auto=format%2Ccompress&dpr=2&blur=200&px=8&max-w=2121
https://d3njjcbhbojbot.cloudfront.net/api/utilities/v1/imageproxy/https://images.ctfassets.net/wp1lcwdav1p1/4WssgSXfHMDHilRW8BhpqQ/61827665e92b5c83c34319f8f371e94d/Untitled_design__5_.png?auto=format%2Ccompress&dpr=2&blur=200&px=8&max-w=460","https://d3njjcbhbojbot.cloudfront.net/api/utilities/v1/imageproxy/https://images.ctfassets.net/wp1lcwdav1p1/1ALNQGlCTAxM5UF811PGu6/40d065b0da029c430a3dd5c62a978912/UoL-Campus-Header.jpg?auto=format%2Ccompress&dpr=1&w=400&h=300&q=7&blur=50","https://d3njjcbhbojbot.cloudfront.net/api/utilities/v1/imageproxy/https://images.ctfassets.net/wp1lcwdav1p1/P0YwewIQ8RlXfWzxp7p66/fcf89fdfc47d60f0363a1c3c8c13ede1/University_of_London_coat_of_arms.png?auto=format%2Ccompress&dpr=3&w=48&h=48"
"1772779884-10","https://www.coursera.org/degrees","","MBA in Business Analytics","O.P. Jindal Global University","Learn to lead in a data-driven world with India’s No.1 private university and a world leader in online education.","Application due March 31, 2026","Application due March 31, 2026","Application due March 31, 2026","Application due March 31, 2026","O","https://d3njjcbhbojbot.cloudfront.net/api/utilities/v1/imageproxy/https://images.ctfassets.net/wp1lcwdav1p1/2Io1b5QQU4YcyVOuQTdjOO/e29485e582c8a543ca136e61d3ef78e8/OPJindal.jpg?auto=format%2Ccompress&dpr=1","MBA in Business Analytics","https://www.coursera.org/degrees/mba-business-analytics-jgu","MBA in Business Analytics","MBA in Business Analytics","12 - 24 months","March 31, 2026","INR 2,00,000 total tuition fee ($2,400 USD)For International learners, tuition fee would be the local currency equivalent on the day of payment. Learn more","72 credits with an estimate student effort of 14 - 16 hours per week","MBA in Business AnalyticsO.P. Jindal Global University","Submit your application before March 31, 2026Webinar on 12th March: ""Responsible AI & Explainable Analytics in Business Decision-Making"" | Register nowLive Q&A: Application Guidance and SupportSchedule a personalised session with an Enrolment RepresentativeClick on 'Apply Now' to start your application or 'Request more info' to know more about the programme.","MBA in Business AnalyticsO.P. Jindal Global University","O.P. Jindal Global University","Not ready to enrol yet? Complete these professional certificates stacking into your degree credits.","Webinar on 12th March:","Webinar on 12th March: ""Responsible AI & Explainable Analytics in Business Decision-Making"" | Register now","This world class management programme blends cutting edge AI and analytics to help you lead and accelerate your career in just 12 months.","Gain the analytical and leadership edge to unlock your next big opportunity.","The programme is offered across 4 cohorts: January , April, July and October.","Register here","The MBA in Business Analytics degree by the Jindal Global Business School faculty has been designed as a unique curriculum which focuses on the holistic application of business analytics alongside management, marketing, finance and more.","Hands-on experience with Industry tools R studio
Introduction to Business Analytics, Advanced Business Analytics, Time Series Analytics and Prescriptive AnalyticsPython
Machine Learning and Big Data AnalyticsSQL
Database Management with SQLTableau
Data Visualization","R studio
Introduction to Business Analytics, Advanced Business Analytics, Time Series Analytics and Prescriptive AnalyticsPython
Machine Learning and Big Data AnalyticsSQL
Database Management with SQLTableau
Data Visualization","R studio","Business AnalystManagement ConsultantHR AnalystMarketing AnalystSupply Chain AnalystRisk AnalystFinancial Analyst","Management Consultant","Fractal Analytics","","Upto 12 Credits will be recognised for learners who have completed ANY one of the following: -","","Filled Play“Learn as part of a diverse cohort of global learners from some of the most experienced and reputed teachers in the domain of business management and analytics. Become acquainted with essential management concepts and analytics techniques through novel pedagogical techniques like case studies, role play, simulations, hands-on exercises, group activities, debates, and reflection.Dr. Mayank DhaundiyalProfessor & DeanJGBS","Learn as part of a diverse cohort of global learners from some of the most experienced and reputed teachers in the domain of business management and analytics. Become acquainted with essential management concepts and analytics techniques through novel pedagogical techniques like case studies, role play, simulations, hands-on exercises, group activities, debates, and reflection.Dr. Mayank DhaundiyalProfessor & DeanJGBS","","April 2Class start date for the April cohortMarch 31Final application deadline","","","March 31","Google Data Analytics Professional CertificateIBM Data Analyst Professional CertificateIBM Data Science Professional CertificateFractal Data Science Professional Certificate","https://d3njjcbhbojbot.cloudfront.net/api/utilities/v1/imageproxy/https://images.ctfassets.net/wp1lcwdav1p1/2KjkhHW7nqZXcgc2XGgQVd/df58d5c462f71cb08ab1bbf347848dca/JGU--Bg-image-_Day_--Coursera.jpg?auto=format%2Ccompress&dpr=2&blur=200&px=8&max-w=950","https://d3njjcbhbojbot.cloudfront.net/api/utilities/v1/imageproxy/https://images.ctfassets.net/wp1lcwdav1p1/2KjkhHW7nqZXcgc2XGgQVd/df58d5c462f71cb08ab1bbf347848dca/JGU--Bg-image-_Day_--Coursera.jpg?auto=format%2Ccompress&dpr=1&w=400&h=300&q=7&blur=50","https://d3njjcbhbojbot.cloudfront.net/api/utilities/v1/imageproxy/https://images.ctfassets.net/wp1lcwdav1p1/3L5ku8bawf5ZVpiS7N0ohp/9fecb3e223156dc82f0efc8628790022/JGU_Logo-In_Color.png?auto=format%2Ccompress&dpr=3&h=50&q=10"
"1772779887-11","https://www.coursera.org/degrees","","Executive MBA","IIT Roorkee","Shape your IIT Roorkee MBA with 55+ electives. Dual specialisations, Top 10 in India (NIRF 2025).","","","","","I","https://d3njjcbhbojbot.cloudfront.net/api/utilities/v1/imageproxy/https://images.ctfassets.net/wp1lcwdav1p1/5FsJACbyl7bFW4DjI2cZDE/181c290b91b2f801fdf09cc3d9bae75a/IIT_Roorkee__3___1_.png?auto=format%2Ccompress&dpr=1","Executive MBA","https://www.coursera.org/degrees/emba-iitr","Executive MBA","Executive MBA","Flexibility to complete","","2 years master's degreefrom Indian Institute of Technology Roorkee","in 24 to 60 months (8-10 hours per week)","Executive MBAIndian Institute of Technology Roorkee","Admissions for the Autumn 2026 cohort are now open.Schedule a personalised session with an Enrolment RepresentativeClick on 'Apply now' to start your application or 'Request more info' to know more about the programme.","Executive MBAIndian Institute of Technology Roorkee","Indian Institute of Technology Roorkee","Live Q&A sessions with IIT Roorkee faculty:","","Schedule a personalised session with an Enrolment Representative here","The Executive MBA by the Indian Institute of Technology, Roorkee offers you a unique programme with a highly flexible curriculum. You can choose from over 55 electives that help you customise your credential and enable you to specialise in disciplines suited to your aspirations.","What makes this Master's degree programme unique?","","","This degree is valuable for all working professionals with 4+ years of experience seeking general management business skills plus an opportunity to specialise in their domain of interest while still working in their current jobs.","Career-first curriculumIndustry-focused curriculum: 
This degree’s curriculum follows a research backed & career-first philosophy that enables you to develop general business understanding & specialise in domains of your interest.Theory with application:
You will experience both theoretical knowledge & practical applications. Programme concepts are explained through a combination of readings, real world case studies, classroom interactions, projects and simulations.Core and elective courses:
The degree is divided into 8 terms. The first four terms will focus on building a solid foundation through core courses and projects and the next four terms will allow you to choose elective courses & undertake projects.","Industry-focused curriculum: 
This degree’s curriculum follows a research backed & career-first philosophy that enables you to develop general business understanding & specialise in domains of your interest.Theory with application:
You will experience both theoretical knowledge & practical applications. Programme concepts are explained through a combination of readings, real world case studies, classroom interactions, projects and simulations.Core and elective courses:
The degree is divided into 8 terms. The first four terms will focus on building a solid foundation through core courses and projects and the next four terms will allow you to choose elective courses & undertake projects.","Industry-focused curriculum:","Shashank Kumar and Harshil Mathur- Co-founders, RazorpayMohit Saxena- Co-founder, InMobiAshok Soota- CEO/Founder, MindtreePradeep Bajpai, Former Chairman of TRAINaveen Jain – CEO and Co-founder, InteliusAmit Pal Singh- CTO, Mettl","Mohit Saxena- Co-founder, InMobi","","","If you have questions, please email us at admission.emba@iitr.ac.in","Bachelor's Degree courses in 10 disciplines of Engineering and ArchitecturePostgraduate's Degree in 55 disciplines of Engineering, Applied Science, Architecture and planning.Facility for doctoral work in all Departments and Research Centres","““I definitely see long term value in this course. The areas that I have never learned like finance, marketing, these are areas which I had zero clue about because I’ve mostly been confined into my cocoon of software and technical work. I have enjoyed learning from people with over 30 to 40 years of experience and not just in one area, but multiple areas and have worked in top leadership positions.” Read Amit's full interview hereAmit JhaEMBA Batch 1 student","“I definitely see long term value in this course. The areas that I have never learned like finance, marketing, these are areas which I had zero clue about because I’ve mostly been confined into my cocoon of software and technical work. I have enjoyed learning from people with over 30 to 40 years of experience and not just in one area, but multiple areas and have worked in top leadership positions.” Read Amit's full interview hereAmit JhaEMBA Batch 1 student","","","","","","","https://d3njjcbhbojbot.cloudfront.net/api/utilities/v1/imageproxy/https://images.ctfassets.net/wp1lcwdav1p1/5w2J5ZhjtUFcej6nh5OZjq/c78b3fde23d551f1b1d70aa9b8ade701/5G-Tech-IoT-IITR.jpg?auto=format%2Ccompress&dpr=2&blur=200&px=8&max-w=800
https://d3njjcbhbojbot.cloudfront.net/api/utilities/v1/imageproxy/https://images.ctfassets.net/wp1lcwdav1p1/7IxWLEmWIWrDIHZGihdRS9/b742d1aca3f9dca951e5df80b5a8a2f8/121004011141_iitroorkee.jpg?auto=format%2Ccompress&dpr=2&blur=200&px=8&max-w=796","https://d3njjcbhbojbot.cloudfront.net/api/utilities/v1/imageproxy/https://images.ctfassets.net/wp1lcwdav1p1/7IxWLEmWIWrDIHZGihdRS9/b742d1aca3f9dca951e5df80b5a8a2f8/121004011141_iitroorkee.jpg?auto=format%2Ccompress&dpr=1&w=400&h=300&q=7&blur=50","https://d3njjcbhbojbot.cloudfront.net/api/utilities/v1/imageproxy/https://images.ctfassets.net/wp1lcwdav1p1/5FsJACbyl7bFW4DjI2cZDE/181c290b91b2f801fdf09cc3d9bae75a/IIT_Roorkee__3___1_.png?auto=format%2Ccompress&dpr=3&h=50&q=10"
"1772779890-12","https://www.coursera.org/degrees","","M.A. in International Relations, Security, and Strategy","O.P. Jindal Global University","Learn from former ambassadors, diplomats & policymakers that shaped global affairs. Gain expertise in geopolitics, diplomacy & security strategy.","Application due March 31, 2026","Application due March 31, 2026","Application due March 31, 2026","Application due March 31, 2026","O","https://d3njjcbhbojbot.cloudfront.net/api/utilities/v1/imageproxy/https://images.ctfassets.net/wp1lcwdav1p1/2Io1b5QQU4YcyVOuQTdjOO/e29485e582c8a543ca136e61d3ef78e8/OPJindal.jpg?auto=format%2Ccompress&dpr=1","M.A. in International Relations, Security, and Strategy","https://www.coursera.org/degrees/ma-international-relations-security-strategy-jgu","M.A. in International Relations, Security & Strategy","M.A. in International Relations, Security & Strategy","12-24 months","April 1, 2026","Total tuition fee: INR 3,00,000 ($3,400 USD)For International learners, tuition fee would be the local currency equivalent on the day of payment. Learn more","12 courses with an estimate student effort of 12-15 hours a week","M.A. in International Relations, Security & StrategyO.P. Jindal Global University","Final application deadline: March 31, 2026Admissions Helpdesk: Live Q&A for ApplicantsSchedule a personalised session with an Enrolment RepresentativeClick on 'Apply Now' to start your application or 'Request more info' to know more about the programme.","M.A. in International Relations, Security & StrategyO.P. Jindal Global University","O.P. Jindal Global University","Documents Required","March 31, 2026","Final application deadline: March 31, 2026","Build a foundation in International Relations & Diplomacy. The Master of Arts in International Relations, Security, and Strategy is the only online Indian master's degree to combine international relations, security, and strategy into a single seamless programme.","Offered by the Jindal School of International Affairs (JSIA) at O.P. Jindal Global University","The programme is offered in 2 intakes: April and October.","online@jgu.edu.in","The M.A. in International Relations, Security, and Strategy by O.P. Jindal Global University has been crafted for students and working professionals from around the world who aspire to join the diplomatic services, or pursue a career as an international journalist, human rights leader or a civil society activist.","Programme HighlightsFully Online Master’s Degree
A 100% online programme designed for flexibility with a completion timeframe of 12 to 24 months.Comprehensive Curriculum
12 courses with core and elective options, covering topics like diplomatic practice, international security, and geopolitical strategy.Global Faculty
Courses taught by internationally recognised experts and practitioners from the Jindal School of International Affairs.Global Alumni Network
Graduates gain OP Jindal Global University alumni status, joining a network of professionals worldwide.","Fully Online Master’s Degree
A 100% online programme designed for flexibility with a completion timeframe of 12 to 24 months.Comprehensive Curriculum
12 courses with core and elective options, covering topics like diplomatic practice, international security, and geopolitical strategy.Global Faculty
Courses taught by internationally recognised experts and practitioners from the Jindal School of International Affairs.Global Alumni Network
Graduates gain OP Jindal Global University alumni status, joining a network of professionals worldwide.","Fully Online Master’s Degree","Ministry of External Affairs IndiaMinistry of Human Resource & Development, IndiaNiti AayogFICCICIIEmbassy of LebanonEmbassy of PeruCRYOutlookBBC, NDTV","Ministry of Human Resource & Development, India","O.P. Jindal Global University","Applications for April 2026 intake are open","Programme Schedule","","“The IRSS program is a distinctive program that brings together students and faculty from around the world. The interactive and asynchronous elements of the courses are perfectly coordinated and provide a unique learning experience that can be adapted to each individual's circumstances. I also appreciate the quick and helpful support from the teaching and tutoring staff.Celina Schmidtke (Spring 2023)JSIA","The IRSS program is a distinctive program that brings together students and faculty from around the world. The interactive and asynchronous elements of the courses are perfectly coordinated and provide a unique learning experience that can be adapted to each individual's circumstances. I also appreciate the quick and helpful support from the teaching and tutoring staff.Celina Schmidtke (Spring 2023)JSIA","Outlook","March 31Final application deadlineApril 2Class start date for the April cohort","Final application deadline: March 31, 2026","","April 2","The Making of US Foreign PolicyPower and Foreign Policy in International RelationsIndia-US Relations: Geopolitics, Culture, and BusinessAmerican Politics, Society, and History","https://d3njjcbhbojbot.cloudfront.net/api/utilities/v1/imageproxy/https://images.ctfassets.net/wp1lcwdav1p1/2KjkhHW7nqZXcgc2XGgQVd/df58d5c462f71cb08ab1bbf347848dca/JGU--Bg-image-_Day_--Coursera.jpg?auto=format%2Ccompress&dpr=2&blur=200&px=8&max-w=950","https://d3njjcbhbojbot.cloudfront.net/api/utilities/v1/imageproxy/https://images.ctfassets.net/wp1lcwdav1p1/2KjkhHW7nqZXcgc2XGgQVd/df58d5c462f71cb08ab1bbf347848dca/JGU--Bg-image-_Day_--Coursera.jpg?auto=format%2Ccompress&dpr=1&w=400&h=300&q=7&blur=50","https://d3njjcbhbojbot.cloudfront.net/api/utilities/v1/imageproxy/https://images.ctfassets.net/wp1lcwdav1p1/3L5ku8bawf5ZVpiS7N0ohp/9fecb3e223156dc82f0efc8628790022/JGU_Logo-In_Color.png?auto=format%2Ccompress&dpr=3&h=50&q=10"
"1772779893-13","https://www.coursera.org/degrees","","Bachelor of Science in Psychology","O.P. Jindal Global University","Studying human behavior starts with understanding yourself. A Psychology degree builds empathy, communication, leadership, and real-world insight.","Application due March 31, 2026","Application due March 31, 2026","Application due March 31, 2026","Application due March 31, 2026","O","https://d3njjcbhbojbot.cloudfront.net/api/utilities/v1/imageproxy/https://images.ctfassets.net/wp1lcwdav1p1/2Io1b5QQU4YcyVOuQTdjOO/e29485e582c8a543ca136e61d3ef78e8/OPJindal.jpg?auto=format%2Ccompress&dpr=1","Bachelor of Science in Psychology","https://www.coursera.org/degrees/bachelor-of-science-psychology-jgu","Bachelor of Science in Psychology","Bachelor of Science in Psychology","Bachelor's degree","April 1, 2026","Total tuition fee: INR 3,00,000 ($3,750 USD)For Non India learners, tuition fee would be the local currency equivalent on the day of payment. Learn more","Offered by O.P. Jindal Global University (World’s #1 university as per Times Higher Education Online Learning Rankings 2024)","Bachelor of Science in PsychologyO.P. Jindal Global University","Final application deadline: March 31, 2026Book a session with an Enrolment RepresentativeLive Q&A Session: Admission AssistanceClick on 'Apply now' to start your application or 'Request more info' to know more about the programme.","Bachelor of Science in PsychologyO.P. Jindal Global University","O.P. Jindal Global University","Contact Us","March 31, 2026","Final application deadline: March 31, 2026","The world needs more people who understand the human mind -  to build better products, improve mental well-being, lead teams, and create social change. Whether you’re curious about why people behave the way they do or want a purpose-driven career, psychology is the foundation for some of the most meaningful work in today’s world.","Study how humans think, feel, and behave. Build a powerful foundation you can apply to a purposeful career in mental health, UX design, academia, human resources, and more.","Click on 'Apply now' to start your application or 'Request more info' to know more about the programme.","Book a session with an Enrolment Representative","Recognized as an Institution of Eminence, it offers globally equivalent online degrees- empowering your career anywhere in the world.","Programme HighlightsUnderstand people. Build change
Understand human behaviour and emotions, for an edge in fields like Mental Health, User Behaviour, Marketing, and moreGo beyond theory. Learn with data
Master research methods, experimental design, and statistical tools that top employers look forFlexible learning from a top-ranked university
Earn a globally respected degree from India’s #1 private university—recognized by employers and universities alikeInternships. Mentorship. Real impact
With guided research, live sessions, expert mentors, and hands-on projects, you'll graduate with more than a degree","Understand people. Build change
Understand human behaviour and emotions, for an edge in fields like Mental Health, User Behaviour, Marketing, and moreGo beyond theory. Learn with data
Master research methods, experimental design, and statistical tools that top employers look forFlexible learning from a top-ranked university
Earn a globally respected degree from India’s #1 private university—recognized by employers and universities alikeInternships. Mentorship. Real impact
With guided research, live sessions, expert mentors, and hands-on projects, you'll graduate with more than a degree","Understand people. Build change","Mental Health Influencer/ CoachWellbeing ManagersDigital Wellness ConsultantMental Health Services ManagerBehavioural Health SpecialistHuman Resources ManagerUser Experience (UX) ResearcherMarket Research AnalystConsumer/ Product ResearcherEducational Consultant","Wellbeing Managers","Google","Applications for April 2026 intake are now open","","Get hands-on experience with internships, practicums, and research projects guided by expert mentors.Master research skills like experimental design, data analysis, and critical thinking that set you apart in any career.Tailor your education with flexible exit options- earn a certificate after Year 1 and rejoin later if needed.Explore diverse electives beyond psychology to build a well-rounded, future-ready skillset.","","","Consumer/ Product Researcher","March 31Final application deadlineApril 2Class start date for the April cohort","Final application deadline: March 31, 2026","","April 2","","https://d3njjcbhbojbot.cloudfront.net/api/utilities/v1/imageproxy/https://images.ctfassets.net/wp1lcwdav1p1/3OdHcwLgVgEiVriwsAPExE/e7fefda75ae24038b7aad4c703ee735d/681A3188__1_.JPG?auto=format%2Ccompress&dpr=2&blur=200&px=8&max-w=5760
https://d3njjcbhbojbot.cloudfront.net/api/utilities/v1/imageproxy/https://images.ctfassets.net/wp1lcwdav1p1/1sEoXm0FjEdyLjXbGSjEYg/9d9e51951ed539ecd95989c687b4c276/Certificate_B.Sc._in_Psychology_Online.jpg?auto=format%2Ccompress&dpr=2&blur=200&px=8&max-w=1240","https://d3njjcbhbojbot.cloudfront.net/api/utilities/v1/imageproxy/https://images.ctfassets.net/wp1lcwdav1p1/4nylsZIJptwBhI5AuyhUPt/021e2b7145860020ce53bf2304d842d7/JGU--Thumbnail-Image--1076x492px__3_.jpg?auto=format%2Ccompress&dpr=1&w=400&h=300&q=7&blur=50","https://d3njjcbhbojbot.cloudfront.net/api/utilities/v1/imageproxy/https://images.ctfassets.net/wp1lcwdav1p1/3L5ku8bawf5ZVpiS7N0ohp/9fecb3e223156dc82f0efc8628790022/JGU_Logo-In_Color.png?auto=format%2Ccompress&dpr=3&h=50&q=10"
"1772779896-14","https://www.coursera.org/degrees","","M.A. in Public Policy","O.P. Jindal Global University","Accelerate your career in public policy with India’s leading university for social sciences.","Application due March 31, 2026","Application due March 31, 2026","Application due March 31, 2026","Application due March 31, 2026","O","https://d3njjcbhbojbot.cloudfront.net/api/utilities/v1/imageproxy/https://images.ctfassets.net/wp1lcwdav1p1/2Io1b5QQU4YcyVOuQTdjOO/e29485e582c8a543ca136e61d3ef78e8/OPJindal.jpg?auto=format%2Ccompress&dpr=1","M.A. in Public Policy","https://www.coursera.org/degrees/ma-public-policy-jgu","Master of Arts in Public Policy","Master of Arts in Public Policy","12-24 months","April 1, 2026","Total tuition fee: INR 3,00,000 ($3,400 USD)For International learners, tuition fee would be the local currency equivalent on the day of payment. Learn more","12 courses with an estimate student effort of 15-18 hours a week","Master of Arts in Public PolicyO.P. Jindal Global University","Final application deadline: March 31, 2026Admissions Helpdesk: Live Q&A for ApplicantsSchedule a personalised session with an Enrolment RepresentativeClick on 'Apply Now' to start your application or 'Request more info' to know more about the programme.","Master of Arts in Public PolicyO.P. Jindal Global University","O.P. Jindal Global University","Documents Required","March 31, 2026","Final application deadline: March 31, 2026","As a learner in this Master of Arts – Public Policy degree programme, you'll gain the expertise to excel in diverse roles within the dynamic field of public policy. Our interdisciplinary curriculum and focus on developing economies will equip you to address pressing political, economic, social, and environmental challenges. Join India's #1 University in Social Sciences, Arts & Humanities (Q.S. University Rankings, 2023) and unlock your potential to shape impactful policies for a better tomorrow.","Flexible Learning","The programme is offered in 2 intakes: April and October.","online@jgu.edu.in","Download Programme Brochure","Programme HighlightsAnalytical and Research Skills
Graduates will be able to independently conduct evidence-based research, manage projects, and participate effectively in public affairs.Comprehensive Policy Knowledge
The curriculum equips students with a deep understanding of contemporary political, economic, and social issues.Quantitative and Qualitative Proficiency:
Students will gain expertise in statistical methods, survey design, and policy evaluation techniques.Policy Formulation and Evaluation
Graduates will develop practical skills in crafting, monitoring, and evaluating public policies across different sectors.","Analytical and Research Skills
Graduates will be able to independently conduct evidence-based research, manage projects, and participate effectively in public affairs.Comprehensive Policy Knowledge
The curriculum equips students with a deep understanding of contemporary political, economic, and social issues.Quantitative and Qualitative Proficiency:
Students will gain expertise in statistical methods, survey design, and policy evaluation techniques.Policy Formulation and Evaluation
Graduates will develop practical skills in crafting, monitoring, and evaluating public policies across different sectors.","Analytical and Research Skills","UNDPWorld Health OrganisationNITI AayogCentre for Policy Research,Teach for IndiaCentre for Budget and Government AccountabilityCentre for Budget and Policy StudiesPublic Affairs Centre (Bangalore)","World Health Organisation","IBM","Applications for April 2026 intake are now open","Programme Schedule","Data Analytics track
Our Data Analytics track will train you to work with complex data sets, visualise data, evaluate the effectiveness of policies using quantitative techniques and explore the role of machine learning and artificial intelligence in policymaking. It is ideal for those aiming for government, non-profits or consulting careers seeking to utilise data-driven insights for effective policy-making.Policy Design track
Our Policy Design track will allow you to delve deeper into the theory of public policy and develop capacities for program design and evaluation. Ideal for those seeking careers in government, international organisations, NGOs, and consulting firms, this track prepares graduates for roles like policy analyst, program evaluator, and government advisor in public policy, international relations, and social welfare sectors.","“The diverse subjects offered in this policy program range from economic policies, social welfare and environmental policies among others. These interdisciplinary subjects along with the hands-on projects are giving me a well-rounded perspective while deepening my interest in public policy.Ms. Gargi Srinivas(Fall 2022)","The diverse subjects offered in this policy program range from economic policies, social welfare and environmental policies among others. These interdisciplinary subjects along with the hands-on projects are giving me a well-rounded perspective while deepening my interest in public policy.Ms. Gargi Srinivas(Fall 2022)","","March 31Final application deadlineApril 2Class start date for the April cohort","Final application deadline: March 31, 2026","","April 2","Google Data Analytics Professional CertificateIBM Data Analyst Professional CertificateIBM Data Science Professional CertificateFractal Data Science Professional Certificate","https://d3njjcbhbojbot.cloudfront.net/api/utilities/v1/imageproxy/https://images.ctfassets.net/wp1lcwdav1p1/3V3a0cm3gmisxhW2ZEeY3K/df111553d94cba16b67963fe89765a8a/2X3A6641.jpg?auto=format%2Ccompress&dpr=2&blur=200&px=8&max-w=5760","https://d3njjcbhbojbot.cloudfront.net/api/utilities/v1/imageproxy/https://images.ctfassets.net/wp1lcwdav1p1/4lfMstGPQqZ2iBbAiCs8pY/a4f41fd7a9d7226d6c90d237def0a99d/JGU--Bg-image-_Day_--950x535px-min_3.png?auto=format%2Ccompress&dpr=1&w=400&h=300&q=7&blur=50","https://d3njjcbhbojbot.cloudfront.net/api/utilities/v1/imageproxy/https://images.ctfassets.net/wp1lcwdav1p1/3L5ku8bawf5ZVpiS7N0ohp/9fecb3e223156dc82f0efc8628790022/JGU_Logo-In_Color.png?auto=format%2Ccompress&dpr=3&h=50&q=10"
"1772779899-15","https://www.coursera.org/degrees","","Bachelor of Science in Computer Science","Birla Institute of Technology & Science, Pilani","Build the foundation for a career in tech. Learn coding, data, and problem-solving skills while earning degree level credentials, fully online.","","","","","B","https://d3njjcbhbojbot.cloudfront.net/api/utilities/v1/imageproxy/https://images.ctfassets.net/wp1lcwdav1p1/5WVyYON4icQJuoFQfLYBM5/2e5aa47d543e59637cb208563b9fb373/BITS_Emblem.png?auto=format%2Ccompress&dpr=1","Bachelor of Science in Computer Science","https://www.coursera.org/degrees/bachelor-of-science-computer-science-bits","Bachelor of Science in Computer Science","Bachelor of Science in Computer Science","INR 3.1 Lakh / USD 4,000 to USD 6,000 total cost","Schedule a call with our Enrolment Representative","Recognised 3 year Bachelor's degreewith a flexible exit option in the 2nd year (Diploma in Software Engineering) or an optional 4th year track (BSc Hons in Computer Science).","for BSc in Computer Science. Fee varies as per track & geographic location. Learn about tuition fee.","Bachelor of Science in Computer ScienceBirla Institute of Technology & Science, Pilani","Admissions are now closed: BITS Pilani | February 2026 cohortRegister for Live Q&A session with Admissions teamClick on 'Request more info' to know more about the programme.","Bachelor of Science in Computer ScienceBirla Institute of Technology & Science, Pilani","Birla Institute of Technology & Science, Pilani","This programme is offered twice a year in February and August.","March 7, 2026.","Classes will start on March 7, 2026.","Learn job-relevant computer science skills from a highly regarded university
Computer science programmes from BITS Pilani are highly regarded across the industry. Faculty at BITS Pilani consistently engages with multiple corporate partners to design an industry-ready curriculum, and as you advance through the programme, you’ll develop job-ready skills through working on multiple industry projects.","BITS Pilani is the alma mater to successful founders, entrepreneurs, and Fortune 500 leaders. The Department of Computer Science & Information Systems was established in 1971 and has a legacy as one of the earliest in India.","If you have questions, please email us at admissions@online.bits-pilani.ac.in","Register for Live Q&A session with Admissions team","This programme is designed for people without computer science experience who wish to begin a successful career in technology. You'll build job-relevant computer science skills through an industry-oriented curriculum, hands-on projects, and top-quality education from BITS Pilani.","Build a deep domain expertise by specialising in one of the four tracksTrack 1: Application Development (Full Stack)
Learn software design principles to build applications for web and mobile devices.Track 2: Computing Systems and Systems Programming
Learn operating systems, network programming and client-server computing.Track 3: Databases and Data Analytics
Learn relational and modern databases along with database applications.Track 4: Algorithmics & Theoretical Computer Science
Learn data structures, algorithm design and applications.","Track 1: Application Development (Full Stack)
Learn software design principles to build applications for web and mobile devices.Track 2: Computing Systems and Systems Programming
Learn operating systems, network programming and client-server computing.Track 3: Databases and Data Analytics
Learn relational and modern databases along with database applications.Track 4: Algorithmics & Theoretical Computer Science
Learn data structures, algorithm design and applications.","Track 1: Application Development (Full Stack)","Software EngineerComputer Systems AnalystComputer ScientistComputer ProgrammerSystems EngineerFull Stack DeveloperData AnalystApplication DeveloperWeb Programmer","Understand Key Software Development Principles","Google","","Benefits of applying earlier:","Unlock opportunities to build your tech startup from ground up with an industry-leading curriculum, a diverse network of classmates and incubation support via Pilani Innovation & Entrepreneurship Development Society, the technology business incubator of BITS Pilani.Throughout the programme, you’ll experience a high level of academic rigour through continuous evaluations that will help ensure you’ll be able to learn and perform at par with the excellence of a BITS Pilani student.BITS Pilani is an Institution of Eminence under UGC (Institution of Eminence Deemed to be Universities) Regulations, 2017. As per these regulations, BITS Pilani is entitled to offer the B.Sc. in Computer Science programme in online mode. As per clause 22 of UGC (Open and Distance Learning Programmes and Online Programmes) Regulations 2020, degrees at undergraduate and postgraduate level awarded through online mode by recognized institutions shall be treated as equivalent to the corresponding awards of the degrees offered through conventional mode.","Filled Play“BITS Pilani is well known for the quality of its academic programs, especially the innovation curriculum design and instructional methods with the experiential learning embedded seamlessly, its faculty quality, and its student-centric approach.Professor G. SundarDirector, Off Campus Programmes & Industry Engagement Birla Institute of Technology and Science, Pilani","BITS Pilani is well known for the quality of its academic programs, especially the innovation curriculum design and instructional methods with the experiential learning embedded seamlessly, its faculty quality, and its student-centric approach.Professor G. SundarDirector, Off Campus Programmes & Industry Engagement Birla Institute of Technology and Science, Pilani","Coaching session on Mathematics Qualifier Exam2025 SessionSession 1Session 2","March 7Class start date for the February cohort","","As per clause 22 of UGC (Open and Distance Learning Programmes and Online Programmes) Regulations 2020, degrees at undergraduate and postgraduate level awarded through online mode by recognized institutions shall be treated as equivalent to the corresponding awards of the degrees offered through conventional mode.","","","https://d3njjcbhbojbot.cloudfront.net/api/utilities/v1/imageproxy/https://images.ctfassets.net/wp1lcwdav1p1/5TOboHO5CIn9zM0Um8Rn29/9c12d3bba5d33eba276806319139efea/Copy_of_SWD_4038.jpg?auto=format%2Ccompress&dpr=2&blur=200&px=8&max-w=1021
https://d3njjcbhbojbot.cloudfront.net/api/utilities/v1/imageproxy/https://images.ctfassets.net/wp1lcwdav1p1/3MV3s7hIAReeiRwmvRaptH/203ec7be19c5180070f5faafbdfa0259/Sample_Degree_Certificate_for_B.Sc._Computer_Science_Programme_Students_-_Front_Side.png?auto=format%2Ccompress&dpr=2&blur=200&px=8&max-w=1097","https://d3njjcbhbojbot.cloudfront.net/api/utilities/v1/imageproxy/https://images.ctfassets.net/wp1lcwdav1p1/ThhOqGJGRGePlJlmBNBPM/b87dabf9fbdb504e7610bcf1a528f6a6/Auditorium_3.JPG?auto=format%2Ccompress&dpr=1&w=400&h=300&q=7&blur=50","https://d3njjcbhbojbot.cloudfront.net/api/utilities/v1/imageproxy/https://images.ctfassets.net/wp1lcwdav1p1/6TVZpmKw8GF4PlQBsxbtg2/9cb943895ba2410afa4f02a7afb939ad/BITS-Logo.png?auto=format%2Ccompress&dpr=3&h=50&q=10"
"1772779902-16","https://www.coursera.org/degrees","","Bachelor of Science in Data Science & AI","Indian Institute of Technology Guwahati","Become an IITian from wherever you are. Build a career in AI and data science with IIT Guwahati.","","","","","I","https://d3njjcbhbojbot.cloudfront.net/api/utilities/v1/imageproxy/https://images.ctfassets.net/wp1lcwdav1p1/IHNuNEKZnmjtOs3g6uX9h/c0038feefd8e96515ab88ee67e1bb59f/Square_logo_for_partner_landing_page.png?auto=format%2Ccompress&dpr=1","Bachelor of Science in Data Science & AI","https://www.coursera.org/degrees/bachelor-of-science-data-science-ai-iitguwahati","Bachelor of Science (Honours) in Data Science & Artificial Intelligence","Bachelor of Science (Honours) in Data Science & Artificial Intelligence","INR 3,49,000 total tuition fee","Download Brochure","Recognised Bachelor's Honours degreeOffered by Indian Institute of Technology Guwahati.","Pay per credit. Flexible payment options.","Bachelor of Science (Honours) in Data Science & Artificial IntelligenceIndian Institute of Technology Guwahati","Stay tuned, Admissions for 2026 will be announced soon.Click on 'Request more info' to know more about the programme.","Bachelor of Science (Honours) in Data Science & Artificial IntelligenceIndian Institute of Technology Guwahati","Indian Institute of Technology Guwahati","Please note: Application fee of INR 500 will be chargeable to all applicants.","Live Q&A Session","Live Q&A Session","","What facilities do I get after admission?","Interested in getting started, but not yet ready to commit? Try Programming with Generative AI that is part of this degree. Start making progress towards this degree. Upon successful completion of these certificates, you can transfer your progress once you’re accepted to the programme.","Programming with Generative AI","Download programme brochure","Choose your path and pace with flexible exit optionsComplete in 1 to 2 years
Rs. 1,30,000 | 80 Credits
Advanced Certificate in Data Science and AIComplete in 2 to 4 years
Rs. 2,09,000 | 159 Credits
Diploma in Data Science and AIComplete in 3 to 6 years
Rs. 2,85,000 | 235 Credits
B.Sc. in Data Science and AIComplete in 4 to 8 years
Rs. 3,49,000 | 299 Credits
B.Sc. (Honours) in Data Science and AI","Complete in 1 to 2 years
Rs. 1,30,000 | 80 Credits
Advanced Certificate in Data Science and AIComplete in 2 to 4 years
Rs. 2,09,000 | 159 Credits
Diploma in Data Science and AIComplete in 3 to 6 years
Rs. 2,85,000 | 235 Credits
B.Sc. in Data Science and AIComplete in 4 to 8 years
Rs. 3,49,000 | 299 Credits
B.Sc. (Honours) in Data Science and AI","Complete in 1 to 2 years","Data ScientistMachine Learning EngineerData AnalystAI EngineerBusiness Intelligence AnalystData EngineerAI Research ScientistData ArchitectData Consultant","Develop predictive models as a machine-learning engineer and make accurate predictions.","Indian Institute of Technology Guwahati","75% employers hiring talent with AI Skills on priority","If you have questions, please email us at admissions_bsc_dsai@iitg.ac.in","Pursue roles such as AI Engineer, Data Engineer, ML Engineer, and Data Analyst after completing this programme.Complete the degree at your own pace in 4-8 years, with options for exits in between with Certifications, Diploma or a Degree.Build a strong programming foundation in Python, C, R, and Java. Develop machine-learning systems and integrate them with large-scale AI models under the supervision of industry leaders.Lectures from accomplished industry professionals helping you develop a well-rounded outlook of the Data Science and Artificial Intelligence industry.Participate in optional immersion sessions for valuable on-campus experience at IIT GuwahatiExperience data science first-hand through engaging projects with unparalleled access to two of India’s most powerful supercomputers, PARAM-Kamrupa and PARAM-Ishan at IIT Guwahati.Become eligible to apply for a Master’s or a PhD degree at IIT Guwahati. (subject to admission criteria)","Filled Play“Data Science encompasses multiple domains in modern day business. This provides employment opportunities for youth. This completely online programme allows flexibility to learn as per your requirements.Prof. Devendra JalihalDirector, IIT Guwahati","Data Science encompasses multiple domains in modern day business. This provides employment opportunities for youth. This completely online programme allows flexibility to learn as per your requirements.Prof. Devendra JalihalDirector, IIT Guwahati","Data Consultant","","","(subject to admission criteria)","","","https://d3njjcbhbojbot.cloudfront.net/api/utilities/v1/imageproxy/https://images.ctfassets.net/wp1lcwdav1p1/QYsnvlV86s00iFIyZpc8J/be9c29be7a0a1da1215833df57723463/P55.png?auto=format%2Ccompress&dpr=2&blur=200&px=8&max-w=936
https://d3njjcbhbojbot.cloudfront.net/api/utilities/v1/imageproxy/https://images.ctfassets.net/wp1lcwdav1p1/6R1HPwZEKoeGThznYbLE7s/c92f50b7f71628a051fda31860ab0311/For_OP_-_3_page-0001__2___1_.jpg?auto=format%2Ccompress&dpr=2&blur=200&px=8&max-w=4000","https://d3njjcbhbojbot.cloudfront.net/api/utilities/v1/imageproxy/https://images.ctfassets.net/wp1lcwdav1p1/4xOm8RG1NteSdBqh973gu6/c06540097c16c91b1238dab1d3888a9e/iitg8_2021.jpg?auto=format%2Ccompress&dpr=1&w=400&h=300&q=7&blur=50","https://d3njjcbhbojbot.cloudfront.net/api/utilities/v1/imageproxy/https://images.ctfassets.net/wp1lcwdav1p1/2uX4woUglY8BT8wQ4sPR9i/d73e24381a6745420805085a69289881/logo_for_course_and_specialization_page_white.png?auto=format%2Ccompress&dpr=3&h=50&q=10"
